{
    "hyperparameters": {
        "batch_size": 64,
        "block_size": 64,
        "max_iters": 10000,
        "eval_interval": 500,
        "learning_rate": 0.0001,
        "device": "cuda",
        "eval_iters": 200,
        "n_embd": 768,
        "n_head": 24,
        "n_layer": 24,
        "dropout": 0.1,
        "vocab_size": 8000,
        "merges_file": "merge_dataset_10_2000.json",
        "dataset_file": "dataset_10.txt"
    },
    "training_time": 6572.795620679855,
    "final_losses": {
        "train_loss": 1.2133291959762573,
        "train_acc": 0.6859179735183716,
        "val_loss": 2.5674068927764893,
        "val_acc": 0.5428369045257568
    }
}